{
  "metrics": {
    "accuracy": 0.6305,
    "precision": 0.6765899864682002,
    "recall": 0.5,
    "f1": 0.5750431282346176
  },
  "label_names": [
    "negative",
    "positive"
  ]
}