{
  "tfidf": {
    "metrics": {
      "accuracy": 0.82775,
      "precision": 0.825957235206365,
      "recall": 0.8305,
      "f1": 0.8282223884318125
    },
    "label_names": [
      "negative",
      "positive"
    ]
  },
  "bert": {
    "metrics": {
      "accuracy": 0.6305,
      "precision": 0.6765899864682002,
      "recall": 0.5,
      "f1": 0.5750431282346176
    }
  }
}